이승훈,SCIENCEON,성균관학교 디자인대학원,KCI,성균관학교 디자인대학원
이승훈,SCIENCEON,장명초등학교,KCI,장명초등학교
반영환,SCIENCEON,국민대학교,KCI,국민대학교
최지수,SCIENCEON,홍익대학교
나건,KCI,홍익대학교,SCIENCEON,홍익대학교
이지현,SCIENCEON,서울여자대학교,KCI,서울여자대학교
이지현,SCIENCEON,연세대학교,KCI,연세대학교
이지현,KCI,한국과학기술원,SCIENCEON,한국과학기술원
손채봉,SCIENCEON,광운대학교
김종무,DBPIA,단국대학교 사회과학대학 커뮤니케이션학부
김종무,SCIENCEON,단국대학교
성열홍,SCIENCEON,홍익대학교
이필하,SCIENCEON,건국대학교
김미현,SCIENCEON,중앙대학교,KCI,중앙대학교
김미현,DBPIA,한국복식학회
윤재영,SCIENCEON,홍익대학교,KCI,홍익대학교
신윤숙,SCIENCEON,전남대학교,KCI,전남대학교
전한종,DBPIA,한양대 건축학부
전한종,SCIENCEON,한양대학교,NTIS,한양대학교
전한종,SCIENCEON,한양대학교,KCI,한양대학교
고영준,DBPIA,서울과학기술대학교 디자인과
고영준,DBPIA,서울과학기술대학교 디자인학과
고영준,KCI,서울과학기술대학교,SCIENCEON,서울과학기술대학교
이재규,KCI,홍익대학교,SCIENCEON,홍익대학교
연명흠,DBPIA,국민대학교 테크노디자인대학원 스마트경험디자인학과
연명흠,SCIENCEON,국민대학교,KCI,국민대학교
연명흠,SCIENCEON,국민대학교,NTIS,국민대학교
이근,SCIENCEON,홍익대학교,KCI,홍익대학교
전효진,SCIENCEON,조선대학교
김남수,SCIENCEON,텍사스주립대학교; 프린팅인증센터; 교수,KCI,텍사스주립대학교; 프린팅인증센터; 교수
김경숙,SCIENCEON,한양대학교
송지성,DBPIA,한양대학교 디자인대학 시각디자인학과
송지성,SCIENCEON,한양대학교,KCI,한양대학교
오명선,SCIENCEON,콘텐츠디자인랩
남현우,SCIENCEON,서경대학교,KCI,서경대학교
이경아,SCIENCEON,한양대학교
편정민,KCI,서울과학기술대학교,SCIENCEON,서울과학기술대학교
한영애,SCIENCEON,연세대학교
한영애,DBPIA,연세대학교 시각디자인학과
이미숙,SCIENCEON,조선대학교,KCI,조선대학교
노윤선,KCI,동서대학교,SCIENCEON,동서대학교
오세원,KCI,홍익대학교,SCIENCEON,홍익대학교
이운영,KCI,경북대학교,SCIENCEON,경북대학교
이운영,DBPIA,경북대학교 섬유패션디자인학부 패션디자인
이운영,NTIS,성신여자대학교
윤택남,DBPIA,춘천교육대학교 영어교육과
윤택남,SCIENCEON,춘천교육대학교
이정교,SCIENCEON,홍익대학교
이정교,DBPIA,홍익대학교 산업디자인학과
이정재,SCIENCEON,숭실사이버대학교,KCI,숭실사이버대학교
이정재,DBPIA,숭실사이버대학교 Department of Business Administration
윤여항,SCIENCEON,홍익대학교,KCI,홍익대학교
정다희,DBPIA,한국디자인문화학회
정다희,SCIENCEON,한양대학교
변현진,SCIENCEON,전남대학교
이현수,DBPIA,연세대학교 실내건축학과
이현수,SCIENCEON,연세대학교
임정섭,SCIENCEON,서울대학교
한혜련,DBPIA,한성대학교 일반대학원 인테리어디자인
한혜련,SCIENCEON,한성대학교
한정엽,SCIENCEON,홍익대학교
김장수,DBPIA,한국디자인지식산업포럼
김장수,SCIENCEON,사한국디자인지식산업포럼
김장수,KCI,(사)한국디자인지식산업포럼
김철수,DBPIA,부경대학교 산업디자인학과
김철수,KCI,부경대학교,SCIENCEON,부경대학교
이돈일,SCIENCEON,영남대학교
김정열,SCIENCEON,총신대학교
구유리,KCI,홍익대학교,SCIENCEON,홍익대학교
구유리,DBPIA,홍익대학교 디자인콘텐츠대학원
고정훈,SCIENCEON,동방문화대학원대학교
김은영,DBPIA,전주비전대학교 미용건강과
김은영,KCI,홍익대학교,SCIENCEON,홍익대학교
김종기,KCI,동명대학교,SCIENCEON,동명대학교
김진수,KCI,가천대학교,SCIENCEON,가천대학교
김승인,SCIENCEON,홍익대학교,KCI,홍익대학교
서영배,SCIENCEON,대전대학교
김원석,SCIENCEON,공주대학교
조윤진,SCIENCEON,경남과학기술대학교
박남춘,KCI,서울여자대학교,SCIENCEON,서울여자대학교
박남춘,DBPIA,서울여자대학교 산업디자인학과
한소원,SCIENCEON,서울대학교
한소원,DBPIA,Seoul National University 심리학과
Kim^ Seung-In,SCIENCEON,홍익대학교
서영애,SCIENCEON,기술사사무소 이수
나정조,SCIENCEON,건국대학교
김성달,SCIENCEON,건국대학교
신완선,KCI,성균관대학교,SCIENCEON,성균관대학교
유훈식,SCIENCEON,서울미디어대학원대학교
주다영,SCIENCEON,국민대학교
주다영,SCIENCEON,연세대학교
주다영,DBPIA,연세대학교 글로벌융합기술원 기술과디자인연구센터
하광수,KCI,한밭대학교,SCIENCEON,한밭대학교
Choi^ Myung-Ryul,SCIENCEON,한양대학교
이주용,NTIS,강원대학교
이주용,SCIENCEON,경북대학교
최종훈,KCI,이화여자대학교,SCIENCEON,이화여자대학교
최종훈,DBPIA,이화여자대학교 디자인대학원 UX디자인
최종훈,NTIS,중앙대학교
신경식,SCIENCEON,이화여자대학교
남원석,KCI,국민대학교,SCIENCEON,국민대학교
김세화,SCIENCEON,동서대학교
최재붕,KCI,성균관대학교,SCIENCEON,성균관대학교
차경진,SCIENCEON,한양대학교
손지연,SCIENCEON,지능.제조융합연구실
지성운,DBPIA,명지대학교 건축학과
지성운,SCIENCEON,명지대학교
Joo^ Jaewoo,SCIENCEON,국민대학교
이영주,SCIENCEON,성신여자대학교
이영주,DBPIA,경성대학교 패션디자인학과
이완복,SCIENCEON,공주대학교
이현동,SCIENCEON,동서대학교
김재엽,SCIENCEON,홍익대학교,KCI,홍익대학교
김재엽,DBPIA,서울대학교 공학전문대학원
홍기형,SCIENCEON,성신여자대학교
Park^ Gooman,SCIENCEON,서울과학기술대학교
김진영,SCIENCEON,홍익대학교
오세종,SCIENCEON,한국외국어대학교
정두희,KCI,한동대학교,SCIENCEON,한동대학교
정두희,DBPIA,Handong Global University ICT창업학부
Lee^ Sang-Gon,SCIENCEON,동서대학교
유원상,SCIENCEON,선문대학교
천하봉,KCI,숙명여자대학교
이상식,KCI,경성대학교
이상식,DBPIA,경성대학교 경영학과
임경란,KCI,숭실대학교
차상육,KCI,경북대학교
최성운,KCI,대진대학교
김곡미,KCI,연암대학교
강태임,DBPIA,서울과학기술대학교 나노IT디자인융합대학원 IT디자인융합
강태임,KCI,서울과학기술대학교
김미숙,KCI,대진대학교
채행석,KCI,연세대학교
권예은,KCI,홍익대학교
조재경,DBPIA,이화여자대학교 디자인학부
조재경,KCI,이화여자대학교
김성국,KCI,이화여자대학교
Sowon Hahn,KCI,서울대학교
공회정,KCI,서울과학기술대학교
김헌,DBPIA,한양대학교 디자인대학 엔터테인먼트디자인학과
김헌,DBPIA,서울과학기술대학교 기계시스템디자인공학과
김헌,KCI,한양대학교
이성칠,DBPIA,구미시 정책기획실
이성칠,KCI,구미시청
송유미,KCI,이화여자대학교
홍승완,KCI,안양대학교
홍승완,NTIS,인하대학교
임창호,KCI,고신대학교
최준호,DBPIA,연세대학교 정보대학원 UX트랙
최준호,KCI,연세대학교
국연호,KCI,(주)인스턴
이연준,KCI,홍익대학교
정지훈,KCI,고려대학교
이희정,KCI,차의과학대학교
장미경,KCI,연세대학교
유보라,KCI,닛산 크리에이티브 박스
정령,KCI,국민대학교
황민철,KCI,상명대학교
이수진,KCI,남서울대학교
김진석,KCI,상지대학교
김태진,KCI,배재대학교
장예빛,DBPIA,아주대학교 대학원 디지털휴머니티
장예빛,KCI,아주대학교
이양숙,KCI,비트윈랩
한애라,KCI,성균관대학교
민춘기,KCI,전남대학교
강연아,DBPIA,연세대학교,KCI,연세대학교
조한혁,DBPIA,서울대학교,KCI,서울대학교
한아름,KCI,중앙대학교
신영선,KCI,이화여자대학교
고은희,KCI,순천향대학교
장희은,KCI,대구가톨릭대학교
최정윤,KCI,건양대학교
이진영,DBPIA,전주대학교 문화융합대학 산업디자인학과
이진영,KCI,전주대학교
이하진,DBPIA,국립한밭대학교 대학원 회계학과
이하진,KCI,한밭대학교
이성혜,DBPIA,KAIST 과학영재교육연구원
이성혜,KCI,한국과학기술원
Cha^ Kyung Jin,KCI,한양대학교
손승남,KCI,순천대학교
조희승,DBPIA,전북대학교 IT정보공학과
조희승,KCI,충북대학교
김민지,KCI,경북대학교
김민지,NTIS,동서대학교
남궁기찬,KCI,국민대학교
김성운,KCI,삼육대학교
권규현,KCI,한양대학교
전수진,DBPIA,연세대핛교
전수진,KCI,연세대학교
전수진,DBPIA,연세대학교 커뮤니케이션대학원
김아영,KCI,이화여자대학교
김소라,KCI,서울여자대학교
이기동,KCI,한국능률협회컨설팅
신경아,KCI,한양대학교
차현지,KCI,한남대학교
차현지,DBPIA,한남대학교 미술학과
김지영,DBPIA,한국디자인문화학회
김지영,KCI,한양대학교
배선아,KCI,전주교육대학교
이상원,DBPIA,Yonsei University Department of Human Environment and Design
이상원,NTIS,성균관대학교,KCI,성균관대학교
조소영,KCI,부산대학교
김원섭,KCI,서울과학기술대학교
나성진,KCI,서브디비전
이연도,KCI,중앙대학교
박윤수,DBPIA,중앙대학교 다빈치교양대학
박윤수,KCI,중앙대학교
권상집,KCI,한성대학교
신창식,KCI,성결대학교
성용준,KCI,고려대학교
김효정,KCI,이화여자대학교
김효정,DBPIA,이화여자대학교 교육대학원 미술교육
김효정,NTIS,우석대학교
양연,KCI,杨娟)(충북대학교 국제경영학과
김원길,KCI,국립중앙박물관
김선영,DBPIA,순천대학교 패션디자인학과
김선영,DBPIA,예술경영지원센터 공연예술학과
김선영,DBPIA,국립암센터 국제암대학원대학교 암관리학과
김선영,KCI,순천대학교
임철일,KCI,서울대학교
조윤오,KCI,동국대학교
김영삼,KCI,청주대학교
김영삼,DBPIA,동의대학교 예술디자인체육대학 디자인조형학과
박세혁,DBPIA,홍익대학교 조형대학 영상 · 애니메이션학부
박세혁,KCI,홍익대학교
정연덕,KCI,건국대학교
조현경,KCI,동아방송예술대학교
조유석,DBPIA,한국디자인문화학회
조유석,KCI,대구대학교
김진우,DBPIA,연세대학교 HCI Lab
김진우,NTIS,이화여자대학교
김진우,KCI,연세대학교
류민형,KCI,충남대학교
박상권,KCI,건국대학교
염미선,KCI,성신여자대학교
김주연,KCI,홍익대학교
김주연,NTIS,에이존테크(주)
남윤진,KCI,이화여자대학교
주재우,KCI,국민대학교
노은영,KCI,서경대학교
최윤미,KCI,충남대학교
구덕회,KCI,서울교육대학교
임상욱,DBPIA,육군
임상욱,KCI,국방정신전력원
최근하,KCI,육군미래혁신연구센터
정의철,DBPIA,서울대학교 공업디자인
정의철,KCI,서울대학교
김보섭,KCI,고려대학교
강민정,DBPIA,홍익대학교 조형대학
강민정,KCI,홍익대학교
홍성수,KCI,한국공학대학교 디자인공학부
최웅,KCI,서울과학기술대학교
최웅,DBPIA,서울대학교 디자인학부
김기범,NTIS,한양대학교(ERICA캠퍼스)
김기범,KCI,전남대학교
서홍석,KCI,한국교원대학교
조한상,KCI,청주대학교
이상곤,KCI,동서대학교
이길옥,KCI,홍익대학교
이윤경,KCI,서울대학교
최용순,DBPIA,서강대학교 아트&테크놀로지
최용순,KCI,서강대학교
안상우,KCI,한국한의학연구원
정재희,DBPIA,홍익대학교 디자인콘텐츠대학원 서비스디자인
정재희,KCI,홍익대학교
고현진,KCI,건국대학교
장호종,NTIS,한국과학기술원
임남균,NTIS,목포해양대학교
김채연,NTIS,고려대학교
임종수,NTIS,세종대학교
김성호,NTIS,울산과학기술원
홍동식,NTIS,부경대학교
홍동식,DBPIA,부경대학교 Dept. Visual Communications Design
이혜주,NTIS,이화여자대학교
손상희,NTIS,인덕대학교
김영학,NTIS,포항공과대학교
오원근,NTIS,순천대학교
김재하,NTIS,한양대학교
SHOAIBMUHAMMAD,NTIS,성균관대학교
김상연,NTIS,한국기술교육대학교
DURAI KARTHIK,NTIS,경희대학교
유효종,NTIS,한림대학교
김일화,NTIS,충북대학교
이진국,DBPIA,연세대학교 실내건축학과
이진국,NTIS,연세대학교
남기영,NTIS,한국과학기술원
김인엽,NTIS,한국과학기술원
황미경,NTIS,경성대학교
황미경,NTIS,동의대학교
정윤우,NTIS,한국과학기술원
오세민,NTIS,부산경상대학교
Mai Hang Nga,NTIS,경북대학교
서지훈,NTIS,인천대학교
이재길,NTIS,성균관대학교
윤현석,NTIS,전남대학교
박낭희,NTIS,충남대학교
정익중,NTIS,이화여자대학교
류한영,DBPIA,이화여자대학교 융합콘텐츠학과
류한영,NTIS,이화여자대학교
황연숙,NTIS,한양대학교
황연숙,DBPIA,한국실내디자인학회 실내건축디자인학과
김영선,NTIS,경희대학교
정정호,NTIS,전남대학교
홍문표,NTIS,고려대학교
지승열,NTIS,한양대학교
박용서,NTIS,경북대학교
박수연,NTIS,성균관대학교(자연과학캠퍼스)
이승민,NTIS,남서울대학교
진승완,NTIS,한양대학교
김상원,NTIS,계명대학교
박은지,NTIS,한국과학기술원
안정용,NTIS,고려대학교
이찬규,NTIS,한양대학교
이병주,NTIS,한국과학기술원
이병주,NTIS,한양대학교(ERICA캠퍼스)
MAIHANGNGA,NTIS,경북대학교
김소연,NTIS,연세대학교
박성준,DBPIA,계명대학교 건축공학과
박성준,NTIS,상명대학교
이현종,NTIS,부산대학교
이현종,NTIS,연세대학교
Chitumalla Srimai,NTIS,부산대학교
임영훈,NTIS,중앙대학교
김태환,NTIS,한양대학교
정경희,NTIS,전남대학교
이연숙,NTIS,연세대학교
임희석,NTIS,고려대학교
이중식,NTIS,서울대학교,DBPIA,서울대학교
김승준,NTIS,광주과학기술원
김태욱,NTIS,광주과학기술원
전문구,NTIS,광주과학기술원
홍진혁,DBPIA,광주과학기술원 컴퓨터과학과
홍진혁,NTIS,광주과학기술원
이승무,NTIS,한국예술종합학교
송종태,NTIS,경북대학교
전준현,NTIS,영남대학교
PAIK JEAN KYUNG,NTIS,을지대학교
김창수,NTIS,충남대학교
이명숙,NTIS,성신여자대학교
정영희,NTIS,전남대학교
홍종찬,NTIS,경상대학교
고기성,NTIS,중앙대학교
심동환,NTIS,충남대학교
김태령,NTIS,태림환경 (주)
김건하,NTIS,이화여자대학교
이학,NTIS,경북대학교
이승룡,NTIS,경희대학교
최홍수,NTIS,(재)대구경북과학기술원
최홍수,NTIS,대구경북과학기술원
서효원,NTIS,한국과학기술원
장인섭,NTIS,광주과학기술원
박건우,NTIS,고려대학교
김병희,NTIS,강원대학교
김주용,NTIS,숭실대학교
김성현,NTIS,충북도립대학교
우희철,NTIS,부경대학교
성태현,NTIS,한양대학교
김재경,NTIS,경희대학교
손영아,NTIS,충남대학교
박세현,NTIS,중앙대학교
신동일,NTIS,명지대학교
김한상,NTIS,연세대학교
홍승범,NTIS,한국과학기술원
박종혁,NTIS,연세대학교
이명용,NTIS,성균관대학교
김영춘,NTIS,울산과학기술원
최영진,NTIS,한양대학교
김관명,NTIS,울산과학기술원
김용주,NTIS,충남대학교
최영록,NTIS,울산과학기술원
장영민,NTIS,국민대학교
장민석,NTIS,한국과학기술원
정천기,NTIS,서울대학교
이동희,NTIS,한성대학교
한상묵,NTIS,금오공과대학교
이강윤,NTIS,가천대학교
유창호,NTIS,전북대학교
이말례,NTIS,전북대학교
오유수,NTIS,대구대학교
박현찬,NTIS,전북대학교
이상웅,NTIS,가천대학교
조완섭,NTIS,충북대학교
윤덕용,NTIS,아주대학교
박범,NTIS,(주)휴민텍
이지우,NTIS,서울대학교
이은주,NTIS,서울아산병원
신현진,NTIS,충남대학교
최성환,NTIS,연세대학교
임채승,NTIS,고려대학교
이활,NTIS,서울대학교
이진산,NTIS,경희대학교
박철영,NTIS,성균관대학교
이해국,NTIS,가톨릭대학교
석승혁,NTIS,서울대학교
김영준,NTIS,고려대학교
신주영,NTIS,성균관대학교
지영흔,NTIS,제주대학교
박창해,NTIS,한서대학교
양현모,NTIS,한국교통대학교
송재민,NTIS,성신여자대학교
배선학,NTIS,강원대학교
지인배,NTIS,동국대학교
박기훈,NTIS,경상대학교
천상현,NTIS,홍익대학교
이석원,NTIS,건국대학교
신동우,NTIS,아주대학교
홍대희,NTIS,고려대학교
김형일,NTIS,연세대학교
이창우,NTIS,경희대학교
Khanusman,NTIS,성균관대학교(자연과학캠퍼스)
이상완,NTIS,한국과학기술원
이범선,NTIS,경희대학교
추현승,NTIS,성균관대학교
설상훈,NTIS,고려대학교
정태경,NTIS,서울여자대학교
이정우,NTIS,연세대학교
김동현,NTIS,경북대학교
임태호,NTIS,한양대학교
임태호,NTIS,주식회사 코드스테리
최지웅,NTIS,대구경북과학기술원
현경훈,NTIS,한양대학교
현경훈,DBPIA,한양대학교 생활과학대학 실내건축디자인학과
손정우,NTIS,가톨릭관동대학교
최재영,NTIS,숭실대학교
김호원,NTIS,부산대학교
정지범,NTIS,울산과학기술원
김주현,NTIS,경상대학교
정은희,NTIS,강릉원주대학교
BAIG MOHAMMAD HASSAN,NTIS,영남대학교
고민삼,NTIS,한양대학교(ERICA캠퍼스)
고민삼,DBPIA,한양대학교
한재권,NTIS,한양대학교(ERICA캠퍼스)
안정호,NTIS,서울대학교
이민호,NTIS,경북대학교
박태주,NTIS,한양대학교
정선태,NTIS,숭실대학교
이영기,NTIS,서울대학교
강홍규,NTIS,광주과학기술원
방진호,NTIS,한양대학교(ERICA캠퍼스)
박용완,NTIS,영남대학교
백성욱,NTIS,세종대학교
김종환,NTIS,한국과학기술원
정재승,NTIS,한국과학기술원
곽지현,NTIS,고려대학교
임기택,NTIS,부경대학교
최선,NTIS,이화여자대학교
남유진,NTIS,부산대학교
임창환,NTIS,한양대학교
주상우,NTIS,영남대학교
김보형,NTIS,한국외국어대학교
김종락,NTIS,서강대학교
유기준,NTIS,연세대학교
유휘동,NTIS,연세대학교
김광수,NTIS,성균관대학교
전주현,NTIS,한림대학교
김현식,NTIS,한국과학기술원
조은성,NTIS,고려대학교
JINAIHUA,NTIS,고려대학교
정세은,NTIS,인하대학교
이규언,NTIS,서울대학교
김휘,NTIS,고려대학교
양황규,NTIS,동서대학교
차승현,NTIS,한양대학교
권순철,NTIS,광운대학교
이상욱,NTIS,서강대학교
성유섭,NTIS,서울아산병원
성미영,NTIS,인천대학교
배유석,NTIS,한국공학대학교 산학협력단
배유석,NTIS,한국산업기술대학교
송준화,NTIS,한국과학기술원
고중혁,NTIS,중앙대학교
이슬찬,NTIS,경상대학교
황동훈,NTIS,아주대학교
배혜윤,NTIS,한국해양대학교
이지항,NTIS,상명대학교
백윤흥,NTIS,서울대학교
마승범,NTIS,홍익대학교
홍세준,NTIS,고려대학교
김미래,NTIS,부산대학교
이준구,NTIS,한국과학기술원
임윤경,NTIS,한국과학기술원
유승현,NTIS,연세대학교
황인석,NTIS,포항공과대학교
이준석,NTIS,서울대학교
김호경,NTIS,부산대학교
최영운,NTIS,고려대학교
한정우,NTIS,포항공과대학교
김지한,NTIS,한국과학기술원
양창덕,NTIS,울산과학기술원
권장혁,NTIS,경희대학교
송민석,NTIS,포항공과대학교
이향원,NTIS,건국대학교
윤성호,NTIS,중앙대학교
신명훈,NTIS,한국항공대학교
남택진,NTIS,한국과학기술원
BENNETTCASEYCARROLL,NTIS,한양대학교
조남혁,NTIS,서울대학교
조성현,NTIS,한양대학교
이종환,NTIS,고려대학교
이경우,NTIS,연세대학교
이은상,NTIS,공주대학교
이제승,NTIS,서울대학교
이학연,NTIS,서울과학기술대학교
정진우,DBPIA,상명대학교 School of Computing
정진우,NTIS,서울과학기술대학교
김영민,NTIS,서울시립대학교
박병재,NTIS,한국기술교육대학교
전유창,NTIS,아주대학교
이용진,NTIS,인하대학교
송원준,NTIS,강원대학교
최시영,NTIS,포항공과대학교
김성엽,NTIS,울산과학기술원
예종철,NTIS,한국과학기술원
이의룡,NTIS,중앙대학교
최준,NTIS,고려대학교
강현욱,NTIS,부경대학교
정태선,NTIS,아주대학교
이은호,NTIS,금오공과대학교
태성호,NTIS,한양대학교(ERICA캠퍼스)
남재환,NTIS,가톨릭대학교
동재준,NTIS,연세대학교
김상재,NTIS,제주대학교
김학성,NTIS,한양대학교
이진준,NTIS,한국과학기술원
윤상호,NTIS,한국과학기술원
이탁연,NTIS,한국과학기술원
송상훈,NTIS,(주)넷온
허성필,NTIS,강릉원주대학교
정성태,NTIS,원광대학교
이혁재,NTIS,서울대학교
문미경,NTIS,동서대학교
정회경,NTIS,배재대학교
정일용,NTIS,조선대학교
이승현,NTIS,연세대학교
박준우,NTIS,서강대학교
Casey Bennett,NTIS,한양대학교
윤진환,NTIS,부산대학교
임동선,NTIS,이화여자대학교
Quan Jige,NTIS,서울대학교
최영재,NTIS,광주과학기술원
유희천,NTIS,포항공과대학교
박선영,NTIS,서울과학기술대학교
홍주영,NTIS,충남대학교
원재웅,NTIS,경희대학교
조정완,NTIS,성균관대학교(자연과학캠퍼스)
한성호,NTIS,포항공과대학교
이응혁,NTIS,한국공학대학교 산학협력단
변강일,NTIS,울산과학기술원
원소연,NTIS,성균관대학교(자연과학캠퍼스)
주의종,NTIS,경희대학교
김주섭,NTIS,서강대학교
이상현,NTIS,명지대학교
전일용,NTIS,성균관대학교(자연과학캠퍼스)
김송희,NTIS,서울대학교
홍혜정,NTIS,중앙대학교
권희대,NTIS,인하대학교
이연주,NTIS,분당서울대학교병원
박진석,NTIS,인하대학교
이원진,NTIS,서울대학교
김지항,NTIS,분당서울대학교병원
김세훈,NTIS,서울대학교
배승환,NTIS,인하대학교
구철룡,NTIS,연세대학교
윤희,DBPIA,조선이공대학교 뷰티아트과
최윤영,DBPIA,Yonsei Univ Dept. of Interior Architecture & Built Environment
김철원,DBPIA,경희대학교 호텔관광대학
박성호,DBPIA,호서대학교 첨단미디어
박성호,DBPIA,경기연구원 공감도시연구실
맹형재,DBPIA,건국대학교 예술디자인대학 산업디자인학과
Won Seop Lee,DBPIA,한동대학교 ICT창업학부
Yeoreum Lee,DBPIA,KAIST Department of Industrial Design
조남주,DBPIA,Korea Polytechnic University Department of Design
Kana Iwahori,DBPIA,Masaryk University
정혜욱,DBPIA,홍익대학교 College of Design & Art
고석철,DBPIA,공주대
오준걸,DBPIA,서울과학기술대학교 건축학부 건축학
신윤진,DBPIA,SangMyung University Dept. of Visual Communication Design; College of Design
이충기,DBPIA,경희대학교 관광학과
박명구,DBPIA,한국철도시설공단 건축설비처
Hisayasu IHARA,DBPIA,Kyushu University Faculty of Design
이은정,DBPIA,인제대학교 디자인연구소
김민규,DBPIA,일리노이대학교 화학&생물학
김규정,DBPIA,숭실대학교 일반대학원 미디어학과
김종배,DBPIA,연세대학교 보건과학대학 작업치료학과
송민정,DBPIA,한세대학교 미디어영상학부
Chan-seok Hong,DBPIA,전북대학교 산업디자인학과
조지훈,DBPIA,광주여자대학교 미용과학과
Dooil Kim,DBPIA,씨티이안 디자인사업부
김가은,DBPIA,과학기술정책연구원 혁신성장정책연구본부
임다현,DBPIA,연세대학교
최은미,DBPIA,한국표준협회
최정민,DBPIA,서울과학기술대학교 디자인학과
장한별,DBPIA,한동대학교 콘텐츠융합디자인학부
양인수,DBPIA,대전지방검찰청
강민성,DBPIA,한양대학교
권오성,DBPIA,연세대학교 인문예술대학 디자인예술학부
정선주,DBPIA,동강대학교 뷰티미용학과
오명원,DBPIA,중앙대 실내환경디자인
Kwangyun Wohn,DBPIA,카이스트 문화기술대학원
안병학,DBPIA,홍익대학교
서정호,DBPIA,한국교통대학교 디자인학과
한경식,DBPIA,아주대학교 컴퓨터공학과
정화연,DBPIA,국제대학교 패션디자인과
김정인,DBPIA,우리관리 주거문화연구소
김은화,DBPIA,서경대학교 대학원 미용예술학과
조규진,DBPIA,서울대학교 기계항공공학부
김일태,DBPIA,한국만화애니메이션학회
홍관선,DBPIA,동서대학교 디자인대학원 환경디자인학과
Seonhye Jeong,DBPIA,한국디자인학회
김현정,DBPIA,경성대학교 디자인학부
김현정,DBPIA,시공테크 전시문화기술연구소
서한석,DBPIA,동서대학교 디자인학과
임기호,DBPIA,한국가스공사 가스연구원 LNG기술연구센터
김영근,DBPIA,한동대학교 기계제어공학부
송윤섭,DBPIA,경기대진테크노파크 기술본부
은선덕,DBPIA,국립재활원
Kyu-Bok Lee,DBPIA,Kyungpook National University Department of Prosthodontics; School of Dentistry
우동주,DBPIA,한국생태환경건축학회
전유미,DBPIA,건국대학교 예술디자인대학 리빙디자인학과
정지원,DBPIA,동서대학교 디자인학
이인제,DBPIA,플로리다 대학교 도시계획학과
최훈,DBPIA,동의대학교 전자공학과
박민수,DBPIA,경희대학교
오동우,DBPIA,홍익대학교 영상대학원 인터랙션디자인
정건용,DBPIA,광주대학교 인테리어디자인학과
임호균,DBPIA,연세대학교 실내건축학과
정태종,DBPIA,대한건축학회
구지선,DBPIA,녹색기술센터 정책연구부
이재환,DBPIA,한양대학교 융합산업대학원 산업디자인
강태원,DBPIA,Kangwon National University Department of Mechanical & Biomedical Engineering
남미우,DBPIA,서경대학교 미용예술대학 Beauty Therapy & Make up학과
석재혁,DBPIA,Keimyung University
Chulan Kwak,DBPIA,Sangmyung University
김영인,DBPIA,연세대학교 생활디자인학과
김상규,DBPIA,서울과학기술대 디자인학과
김혜연,DBPIA,Ewha Womans University College of Art & Design
남미경,DBPIA,협성대학교 예술대학 제품디자인학과
전병호,DBPIA,Kongju National University
이민,DBPIA,국민대학교 조형대학 공간디자인학과
김준수,DBPIA,한남대학교 멀티미디어학부 미디어영상
정연찬,DBPIA,서울과학기술대학교 기계시스템디자인공학과
이민화,DBPIA,KCERN 문술미래전략대학원
김현준,DBPIA,강원대 건축학과
장미화,DBPIA,원광보건대학교 미용피부테라피과
한명흠,DBPIA,부천대학교 실내건축디자인학과
Jaeyoung Yun,DBPIA,홍익대학교 시각디자인학과
이지훈,DBPIA,홍익대학교 기계공학과
김은실,DBPIA,광주대학교 문화예술대학 뷰티미용학과
김민경,DBPIA,한동대학교 콘텐츠융합디자인학부
정원도,DBPIA,액센츄어
임혜순,DBPIA,중국연변대학교
Myeongseong Kim,DBPIA,한국디자인학회
오기대,DBPIA,한전 전력연구원
정채환,DBPIA,한국생산기술연구원 광에너지융합그룹
Younsook Shin,DBPIA,전남대학교 의류학과/생활과학연구소
임대진,DBPIA,숭실사이버대학교 인문예술학부 뷰티미용예술학과
김은주,DBPIA,한국전통문화전당
김영일,DBPIA,서울과학기술대학교 나노IT디자인융합대학원 디자인기술융합
정동환,DBPIA,동국대학교 영상문화콘텐츠연구원
이성근,DBPIA,Columbia University
정용진,DBPIA,청운대학교 융합기술경영학부
장닝,DBPIA,Pukyong National University 마린용합디자인학과
오상은,DBPIA,연세대학교 생활디자인학과
장혜진,DBPIA,서울여자대학교 시각정보디자인학과
이은실,DBPIA,서울과학기술대학교 시각디자인학과
김은정,DBPIA,전남대학교 의류학과
곽소나,DBPIA,이화여자대학교 Department of Industrial Design
김상권,DBPIA,계원예술대학교 산업디자인과
Joon-Hwan Kim,DBPIA,성결대학교 파이데이아학부
장선희,DBPIA,성신여자대학교 산업디자인과
권민지,DBPIA,서울기술연구원
우탁,DBPIA,경희대학교 예술디자인대학 디지털콘텐츠학과
안종숙,DBPIA,호서대학교 벤처전문대학원 벤처경영학과
조정형,DBPIA,부경대학교 산업디자인학과
Jintaek Im,DBPIA,한국국제대 무인항공학과
이현진,DBPIA,건양대 Dept. of Medical Space Design & Management
이현진,DBPIA,연세대학교
문재호,DBPIA,세명대학교 산업디자인학과
Seong Yeon Park,DBPIA,계명대학교 미래산업사용성평가센터
유영선,DBPIA,경희대학교 의상학과
송상민,DBPIA,홍익대학교 국제디자인전문대학원
이윤주,DBPIA,강원대학교
최율,DBPIA,Konyang University 의료공간디자인학과
박소희,DBPIA,중앙대학교 예술대학 디자인학부 산업디자인
성이용,DBPIA,Dong-A Univ. Dept. of Architecture
조영식,DBPIA,이화여대 디자인학부
태성하,DBPIA,선문대학교 글로벌지원팀
김홍균,DBPIA,한서대학교 영상애니메이션학과
임도연,DBPIA,한국외국어대학교 교양교직학부
류수훈,DBPIA,Kongju National University Dept. of Architecture
윤은경,DBPIA,홍익대학교 건축도시대학원 실내설계
玄仙令,DBPIA,경기대학교
최승호,DBPIA,서울과학기술대학교 나노IT디자인융합대학원
Donggyu Sim,DBPIA,Kwangwoon University
정태용,DBPIA,건국대학교 건축전문대학원 건축설계학과
김현주,DBPIA,서울미디어대학원대학교(SMIT) 뉴미디어학부
김현주,DBPIA,동양대학교 경영연구처
Changhoon Park,DBPIA,디자이니어스컴퍼니 융합디자인실
류은주,DBPIA,한서대학교 보건대학 피부미용화장품과학과
김용성,DBPIA,가천대학교 실내건축학과
이민아,DBPIA,인제대학교 디자인연구소
정성원,DBPIA,서울과학기술대학교 나노IT디자인융합대학원 디자인기술융합
김후성,DBPIA,홍익대학교 국제디자인전문대학원 제품디자인
Terry Dobson,DBPIA,Azusa Pacific University
곽대영,DBPIA,중앙대학교 예술대학 디자인학부 산업디자인
박수빈,DBPIA,부산대학교
최은진,DBPIA,연세대학교 아동가족학과
은창익,DBPIA,동양대학교 디자인학부
우종선,DBPIA,현대모비스
김보현,DBPIA,중앙대학교 예술대학 디자인 학부 산업디자인
강원석,DBPIA,안동대학교 컴퓨터교육과
강봉주,DBPIA,부산대학교 경제통상대학원
현은령,DBPIA,한양대학교 사범대학 응용미술교육과
김경선,DBPIA,고용노동부 미술대학 시각디자인
Hyunkyung Lee,DBPIA,Yonsei Univ. Dept. of Culture & Design Management
조혜수,DBPIA,연세대학교 생활디자인학과
김종진,DBPIA,건국대학교 건축전문대학원 실내건축설계학과
현지원,DBPIA,연세대학교 실내건축학과
임재필,DBPIA,청주대학교 경상대학 관광경영학과
유현정,DBPIA,이화여자대학교 Media Interaction Design
Soong-Geun Je,DBPIA,Lawrence Berkeley National Laboratory Center for X-ray Optics
박기현,DBPIA,계명대학교 컴퓨터공학부
정예진,DBPIA,서울여자대학교
이진구,DBPIA,한동대학교 콘텐츠융합디자인학부
Younghwan Pan,DBPIA,국민대학교 테크노디자인 전문대학원 경험디자인학과
Jinny Choi,DBPIA,아시아 퍼시픽 인터네셔널 스쿨
김문수,DBPIA,스마투스디지털경제연구원
유은,DBPIA,엔씨소프트
김정혜,DBPIA,서울과학기술대학교 디자인학과
김태영,DBPIA,Glotech Company Business Development Department
여선경,DBPIA,영남대학교 디자인미술대학원 생활제품디자인학과
최용훈,DBPIA,광운대학교 로봇학부
이인애,DBPIA,실로암시각장애인복지관
이주형,DBPIA,건국대학교 건축전문대학원 실내건축설계학과
조택연,DBPIA,Hongik University 미술대학 산업디자인
이정순,DBPIA,충남대학교 의류학과
박영호,DBPIA,협성대학교 인문사회대학 문예창작학과
김민정,DBPIA,성균관대학교 산업공학과
김민정,DBPIA,한양사이버대학교 디자인학부
양태석,DBPIA,한국체육대학교
조준동,DBPIA,성균관대학교 휴먼ICT융합학과
이원교,DBPIA,한국전력공사 전력연구원
Mahnwoo Kwon,DBPIA,경성대학교 디지털미디어학부
위은하,DBPIA,전남대학교 가정교육과
최원재,DBPIA,단국대학교 예술디자인대학 커뮤니케이션디자인과
정도희,DBPIA,연세대학교 일반대학원 물리치료학과
백진경,DBPIA,인제대학교 U디자인학과
Tore Terrasi,DBPIA,University of Texas at Arlington Art and Design
안세윤,DBPIA,국립한밭대학교 Department of Industrial Design
남지연,DBPIA,서울대학교 자동화시스템연구소 (ASRI)
Hyunsung Kim,DBPIA,Hanseo University International Graduate School of convergence Design
정형구,DBPIA,경희대학교 소프트웨어융합학과
김형신,DBPIA,서울대학교 치학 연구소
정병모,DBPIA,경주대학교
정미선,DBPIA,국민대학교 테크노디자인전문대학원 라이프스타일디자인학과
금희조,DBPIA,성균관대학교 신문방송학과
박미정,DBPIA,서울과학기술대학교 안경광학과
박윤진,DBPIA,고려대학교 국제스포츠학부
이현정,DBPIA,경희대학교 도시공간연구실
손정은,DBPIA,인제대학교 일반대학원 U디자인학과 시각디자인
Byung Yong Jeong,DBPIA,한성대학교 (Hansung University) 산업경영공학과
김준태,DBPIA,공주대학교 건축공학과
한광희,DBPIA,연세대학교 심리학과
정의태,DBPIA,인제대학교 멀티미디어학부
유승헌,DBPIA,고려대학교 디자인조형학부
김경주,DBPIA,홍익대학교 조형대학
오병근,DBPIA,연세대학교 디자인예술학부 시각디자인학
Sangho Kim,DBPIA,금오공과대학교 산업공학부
정욱환,DBPIA,한성대학교 융복합교육과정
이종욱,DBPIA,한국전통문화대학교 문화재관리학과
이승재,DBPIA,서울시립대학교 교통공학과
유우연,DBPIA,고려대학교 경영학과
윤지영,DBPIA,동서대학교 디자인학부 환경디자인
김세현,DBPIA,한국전시산업융합연구원
Semi Kim,DBPIA,Good Design Lab
정수경,DBPIA,인천가톨릭대학교 대학원 그리스도교미술학과 스테인드글라스
김성훈,DBPIA,한양대학교 디자인대학 엔터테인먼트디자인학과
윤갑근,DBPIA,조선대학교 디자인학부
이영은,DBPIA,서울과학기술대학교 산업디자인학과
채진미,DBPIA,한성대학교 글로벌 패션산업학부
김현선,DBPIA,홍익대학교 The International Design School for Advanced Studies
박주희,DBPIA,국민대학교 의상디자인학과
박은률,DBPIA,한국전시산업융합연구원
나인용,DBPIA,대구보건대학교
권지훈,DBPIA,Keimyung University 건축학
김지훈,DBPIA,특허청 상표디자인심사국
김소진,DBPIA,인하대학교 생활과학대학 의류디자인학과
정주영,DBPIA,한국기술교육대학교 디자인공학과
O Seong Kweon,DBPIA,Yonsei University Division of Design and Arts
김승범,DBPIA,홍익대학교 경영학과
Kim Hyun-joo,DBPIA,Dankook University
이해구,DBPIA,경성대학교 디자인학부 제품디자인
안성희,DBPIA,홍익대학교 산업공학과
임윤수,DBPIA,대구대학교 조형예술대학 현대미술
손예령,DBPIA,포스텍 기업시민연구소
유환조,DBPIA,포항공과대학교 컴퓨터공학과
이준환,DBPIA,서울대학교 언론정보학과
장영혜,DBPIA,동강대학교 뷰티미용학과
박신미,DBPIA,국립안동대학교 의류학과
이하나,DBPIA,인제대학교 U디자인학과
남경숙,DBPIA,한양대학교 실내건축디자인학과
유영문,DBPIA,Pukyoung National University LED-Marine Convergence Technology R&BD Center
박재연,DBPIA,조선대학교 미술대학 디자인학부
Soonhyun Baik,DBPIA,계명대학교 Industrial Design
이장범,DBPIA,선문대 건축사회환경학부
홍주표,DBPIA,한국기술교육대학교 디자인공학과
김경인,DBPIA,서원대학교 뷰티학과
임승재,DBPIA,경희대학교
이희성,DBPIA,서울과학기술대학교
김문영,DBPIA,계명대학교 패션마케팅학과
고순희,DBPIA,제주대학교 패션의류학과
민주식,DBPIA,영남대학교 대학원 미학미술사학과
김억,DBPIA,한국산업기술대학교 산업디자인학과
이현주,DBPIA,연세대학교 생활디자인학과
여희주,DBPIA,대진대학교 전자공학과
김명식,DBPIA,한국토지주택공사 토지주택연구원
엄경희,DBPIA,한양대학교 디자인대학 서피스·인테리어디자인학과
이성원,DBPIA,동의대학교 예술디자인체육대학 디자인조형학과
구양숙,DBPIA,경북대학교 의류학과
이진렬,DBPIA,Chosun University 창의공학디자인융합학과
김성우,DBPIA,국민대학교 테크노디자인대학원 경험디자인학과
신혜영,DBPIA,이화여자대학교 인간생활환경연구소
김호정,DBPIA,서울시립대학교 환경조각학과
이소연,DBPIA,중앙대학교 실내환경디자인
이연희,DBPIA,한양대학교 의류학과
조윤주,DBPIA,홍익대학교 국제디자인전문대학원 디지털미디어디자인
김건동,DBPIA,홍익대학교 디자인컨버전스학부
허정윤,DBPIA,국민대학교 자동차운송디자인학과
원유석,DBPIA,유즈브레인넷
백정훈,DBPIA,호서대학교 예체능대학 산업디자인학과
김신원,DBPIA,경희대학교 예술·디자인대학 환경조경디자인학과
이동우,DBPIA,홍익대학교 건축도시대학원 실내설계
Young Woo Park,DBPIA,UNIST 디자인-공학융합전문대학원
Seonghyeon An,DBPIA,Seoul National University
왕단,DBPIA,동서대학교 일반대학원
이창기,DBPIA,해동엔지니어링
류숙희,DBPIA,동양미래대학교 실내디자인학과
이병종,DBPIA,연세대학교 인문예술대학 디자인예술학부
이정욱,DBPIA,가천대학교 건축학과 실내건축
이덕훈,DBPIA,한남대학교 경영학과
김성준,DBPIA,Korea University of Technology and Education 디자인공학과
조연주,DBPIA,세종대학교 건축공학과
정보리,DBPIA,한양대학교 디자인대학 서피스 · 인테리어 디자인학과
박계수,DBPIA,한동대학교 콘텐츠융합디자인과
최병호,DBPIA,이노유엑스
Chi-Gyu Oh,DBPIA,충남대학교 디자인창의학과
김성범,DBPIA,고려대학교 산업경영공학과
김금란,DBPIA,송원대학교 휴먼산업대학 뷰티예술학과
조해진,DBPIA,가톨릭관동대학교 방송문화예술대학 미디어콘텐츠
정재윤,DBPIA,영남대학교 원예생명과학과
안드리아 비앙키,DBPIA,한국과학기술원 산업디자인학과
안소미,DBPIA,백석대학교 인테리어디자인학과
김욱선,DBPIA,중앙대학교 대학원 디자인학과 공간디자인
김정현,DBPIA,연세대학교 보건과학대학 작업치료학과
Ju Yeon Kim,DBPIA,성신여자대학교 융합보안학과
김진웅,DBPIA,경북대학교 국어국문학과
이지용,DBPIA,서울과학기술대학교 NID융합대학원 디자인기술융합
고영대,DBPIA,세종대학교 호텔관광경영학과
신화남,DBPIA,신화남뷰티연구소
이예진,DBPIA,한국기술교육대학교 디자인공학과
배지윤,DBPIA,건국대 실내디자인
박병철,DBPIA,전자부품연구원 전문원부
이영도,DBPIA,서울과학기술대학교 일반대학원 산업디자인학과
유지민,DBPIA,연세대학교
Hyeon-Jeong Suk,DBPIA,한국과학기술원 Color Lab.; Department of Industrial Design
문경자,DBPIA,계명대학교 간호학과
송만용,DBPIA,동서대학교 시각 커뮤니케이션 디자인학과
이문환,DBPIA,Korea Polytechnic University Department of Design
지정훈,DBPIA,광주대학교 문화예술대학 뷰티미용학과
신상문,DBPIA,동아대학교 산업경영공학과
홍정민,DBPIA,한양대학교
강석진,DBPIA,국립경상대 School of Architecture
Hee-Kyung Lim,DBPIA,서경대학교 미용예술학과
윤성우,DBPIA,Namseoul University Dept. of Emergency Medical Service
김유경,DBPIA,대구가톨릭대학교 디자인대학 패션디자인과
김수란,DBPIA,한양대학교 디자인대학 서피스 · 인테리어디자인학과
송지영,DBPIA,동의과학대학교 산업디자인과
박승민,DBPIA,고려대학교 디자인조형학부
이상은,DBPIA,상명대학교 디지털이미지학과
Hyunchul Ahn,DBPIA,국민대학교 비즈니스IT전문대학원
강효진,DBPIA,Hanyang University Graduate School of Technology and Innovation Management
임대희,DBPIA,단국대학교 문화예술학
KwanMyung Kim,DBPIA,UNIST 디자인-공학융합전문대학원
최정수,DBPIA,원광대학교 디자인학부 공간환경산업디자인과
김주성,DBPIA,신구대학교 공간디자인과 건축
문무성,DBPIA,근로복지공단
이지은,DBPIA,이화여자대학교 통역번역대학원
이지은,DBPIA,한국외국어대학교 식품영양학과
이지은,DBPIA,서울여자대학교
양승호,DBPIA,Inje University Department of Design Engineering; Design Institute
정영욱,DBPIA,한국과학기술원 산업디자인학과
제임스 정,DBPIA,월간마루
정다은,DBPIA,경희대학교 시각디자인과
천혜선,DBPIA,경민대학교 공간디자인과
Byung Tae Oh,DBPIA,한국항공대학교 항공전자정보공학부
인치호,DBPIA,고려대학교 디자인조형학부
인치호,DBPIA,Korea University; School of Art & Design School of Art & Design
夫伯,DBPIA,경희대학교 호텔관광대학 문화관광콘텐츠학과
권기형,DBPIA,서경대학교 미용예술학과
홍완수,DBPIA,상명대학교 외식영양학과
곽태기,DBPIA,세종대학교 패션디자인학과
신세연,DBPIA,순천대학교
양성용,DBPIA,한국디자인학회
Michel-Marie Bougard,DBPIA,한국디자인학회
이영심,DBPIA,제주국제대학교 유아교육과
SHI Yunfeng Project Promotion,DBPIA,현대건축사
채금석,DBPIA,숙명여자대학교 의류학과
김재호,DBPIA,부산대학교 영상정보협동과정&전자공학과
이해만,DBPIA,Daegu University 시각디자인학과
박만기,DBPIA,한국산업기술대학교
채승진,DBPIA,연세대학교 디자인예술학부
선섭희,DBPIA,홍익대학교 산업디자인학과
서정욱,DBPIA,한신대학교
성민용,DBPIA,서울과학기술대학교 기계·자동차공학과
조현진,DBPIA,계명대학교 패션마케팅학과
이명우,DBPIA,전북대학교 조경학과
김혁,DBPIA,연세대
김상균,DBPIA,명지대학교
김자경,DBPIA,인하공업전문대학교 실내건축과
이경호,DBPIA,서울대학교 전자공학과
김예슬,DBPIA,한국전통문화전당
박승기,DBPIA,한국전력공사
홍성일,DBPIA,경운대학교 안경광학과
Tek-Jin Nam,DBPIA,KAIST Dept. of Industrial Design
이종진,DBPIA,서울과학기술대학교 자동차공학과
김희균,DBPIA,한국디자인문화학회
유우종,DBPIA,건국대학교 커뮤니케이션디자인학과
류혜지,DBPIA,청운대학교 공간디자인학과
주미경,DBPIA,삼육대학교 아트앤디자인과
김영희,DBPIA,상명 대학교 대학원
김명수,DBPIA,부경대학교 Dept. Industrial design
정연자,DBPIA,건국대학교 바이오융합학부 뷰티화장품
노황우,DBPIA,한밭대학교 대학원 시각디자인학과
박기철,DBPIA,홍익대학교 기계시스템디자인공학과
Mina Son,DBPIA,Hanyang University
김숙연,DBPIA,홍익대학교 산업디자인학과
김지은,DBPIA,Yonsei University Center for Digital Society
김유선,DBPIA,삼육대학교 환경디자인원예학과
박종만,DBPIA,한국과학기술정보연구원 고경력과학기술인
고재윤,DBPIA,경희대학교 외식경영학과
윤희성,DBPIA,한국해양대학교 해양금융대학원
이정승,DBPIA,Hoseo University School of Business
Soo-Jin Park,DBPIA,인제대학교 멀티미디어학과
박지영,DBPIA,농촌진흥청 Dept. of Central Area Crop Science; National Institute of Crop Science
박치현,DBPIA,Kangwon National University Dept. of Medical Bigdata Convergence
이경재,DBPIA,전남대학교 IT기술전략연구단 모바일서비스전략연구팀
한정완,DBPIA,한양대학교 산업디자인학과
정경숙,DBPIA,대구대학교 실내건축디자인학과
송준환,DBPIA,일본야마구치국립대학 대학원창성과학연구과
임호,DBPIA,법무법인서울제일
Emmanuel L. M. Wolfs,DBPIA,Kookmin University Department of Industrial Design
최효식,DBPIA,한양여자대학교 인테리어디자인과
이효원,DBPIA,전남대학교 건축학부
배현숙,DBPIA,초당대학교
이형규,DBPIA,한양대학교 디자인대학 주얼리·패션디자인학과
박금란,DBPIA,서라벌대학교
권태일,DBPIA,고신대학교 보건환경학부
임일,DBPIA,연세대학교 경영대학
옥종호,DBPIA,서울과학기술대학교 건축학부
김현석,DBPIA,홍익대학교 시각디자인
조효룡,DBPIA,상명대학교 일반대학원 실내디자인
김향아,DBPIA,백석대학교 산업디자인과
최윤정,DBPIA,부산대학교 사회복지학과 BK21+ 재난복지전문인력 양성사업단
이지혜,DBPIA,한양대학교 소프트웨어융합대학 ICT융합학과
이상진,DBPIA,연세대학교 경영대학
